Hotel Name,Rating,Rating Description,Reviews,Star Rating,Location,Nearest Landmark,Distance to Landmark,Price,Tax,banglore,chennai,delhi,hyderabad,kolkata,mumbai
The Park Bangalore,3.9,Very Good,4187,5,Ulsoor,,,"7,567","2,254",1,0,0,0,0,0
"Keys Select by Lemon Tree Hotels, Whitefield, Bengaluru",4,Very Good,2201,4,Brookefield,,,"1,509",531,1,0,0,0,0,0
ITC Windsor - A Luxury Collection Hotel,4.4,Excellent,1315,5,Vasanth Nagar ,Bangalore Palace,2.4 km ,"9,900",,1,0,0,0,0,0
Lemon Tree Premier Ulsoor Lake Bangalore,4,Very Good,5089,5,Sivanchetti Gardens ,Ulsoor Lake,770 m ,"2,347",918,1,0,0,0,0,0
"Keys Select by Lemon Tree Hotels, Hosur Road, Bengaluru",4,Very Good,3290,4,Hosur road,,,"2,522","1,014",1,0,0,0,0,0
The Chancery Pavilion,3.8,Very Good,4764,5,Ashok Nagar ,MG Road,2.4 km ,"6,580","1,540",1,0,0,0,0,0
Radisson Blu Atria Bengaluru,4.3,Excellent,2372,5,Palace road,,,"10,200",,1,0,0,0,0,0
Lemon Tree Hotel Electronics City Bangalore,4.1,Very Good,2314,4,Electronic City,,,"2,598","1,016",1,0,0,0,0,0
"Welcomhotel by ITC Hotels, Richmond Road, Bengaluru",4.3,Excellent,2076,5,Richmond road,,,"7,700",,1,0,0,0,0,0
Grand Mercure Bangalore - An Accor Brand,4.3,Excellent,426,5,Koramangala,,,"9,700",,1,0,0,0,0,0
Holiday Inn Express Bengaluru Yeshwantpur,3.7,Very Good,1602,3,Tumkur road,,,"3,680",480,1,0,0,0,0,0
goSTOPS Bengaluru - Rooms & Dorms,4.2,Very Good,500,,Gandhi Nagar,,,"1,098",269,1,0,0,0,0,0
Holiday Inn Bengaluru Racecourse,4,Very Good,2156,5,Gandhi Nagar,,,"7,249",,1,0,0,0,0,0
Fortune Select JP Cosmos - Member ITC Hotel Group,4,Very Good,2944,5,Vasanth Nagar ,Bangalore Palace,2.9 km ,"5,999",,1,0,0,0,0,0
Hyatt Centric MG Road Bangalore,4.2,Very Good,1162,5,Ulsoor,,,"6,250",,1,0,0,0,0,0
Ibis Bengaluru City Centre - An Accor Brand,3.9,Very Good,1805,4,Sampangi Rama Nagar ,Cubbon Park,1.8 km ,"4,299",,1,0,0,0,0,0
"The Fern Residency - Yeshwanthpur, Bengaluru",4,Very Good,1618,4,Tumkur road,,,"4,112",831,1,0,0,0,0,0
Ashraya International Hotel,3.7,Very Good,664,3,Infantry Road ,MG Road,2.3 km ,"2,792",564,1,0,0,0,0,0
Davanam Sarovar Portico Suites,4.3,Excellent,1865,4,Koramangala,,,"5,076","1,026",1,0,0,0,0,0
"Taj M G Road, Bengaluru",4.6,Excellent,1715,5,Sivanchetti Gardens ,MG Road,2.9 km ,"9,000",,1,0,0,0,0,0
Draper Startup House Koramangala | Dorms & Rooms,4.4,Excellent,222,,Koramangala,,,"1,113",294,1,0,0,0,0,0
The Lalit Ashok Bangalore,3.8,Very Good,2542,5,Seshadripuram,,,"6,698","1,354",1,0,0,0,0,0
"Vivanta Bengaluru, Residency Road",4.3,Excellent,1022,5,Residency Road ,MG Road,1.5 km ,"7,000",,1,0,0,0,0,0
ibis Bengaluru Hebbal - An Accor Brand,4.1,Very Good,237,4,Hebbal,,,"4,499",,1,0,0,0,0,0
Vividus,4.2,Very Good,1791,5,Gandhi Nagar,,,"6,547","2,156",1,0,0,0,0,0
Citrus Hotel Cunningham,4.1,Very Good,1869,5,Cunningham Road ,Indira Gandhi Musical Fountain Park,780 m ,"3,934","1,075",1,0,0,0,0,0
Citrus Classic Bengaluru,3.9,Very Good,527,4,Outer Ring Road,,,"3,575",977,1,0,0,0,0,0
"Taj Yeshwantpur, Bengaluru",4.6,Excellent,2138,5,Tumkur road,,,"7,500",,1,0,0,0,0,0
Lemon Tree Hotel Whitefield,4.1,Very Good,2327,4,Brookefield,,,"2,347",843,1,0,0,0,0,0
Golden Lotus Bangalore Boutique Suites | Rooms & Garden,3.8,Very Good,865,,Richmond road ,MG Road,3.0 km ,"2,660",754,1,0,0,0,0,0
Ramada Encore,4.4,Excellent,4271,4,Domlur Layout,,,"5,640","1,140",1,0,0,0,0,0
Ibis Bengaluru Hosur Road - An Accor Brand,3.9,Very Good,1381,3,Hosur road,,,"4,499",,1,0,0,0,0,0
"The Oberoi, Bengaluru",4.7,Excellent,1565,5,Ulsoor,,,"11,500",,1,0,0,0,0,0
Holiday Inn Express Bengaluru Whitefield ITPL,3.5,Very Good,1242,3,Whitefield,,,"3,399",,1,0,0,0,0,0
The Hosteller Bangalore Brigade Road,,,,,Ashok Nagar ,MG Road,2.2 km ,"1,330",315,1,0,0,0,0,0
Ginger Bangalore (IRR),3.6,Very Good,1639,3,Domlur Layout,,,"1,689",,1,0,0,0,0,0
Gokulam Grand Hotel & Spa,4.1,Very Good,1537,5,Mathikere,,,"6,409","1,295",1,0,0,0,0,0
Bloom Hotel - Airport Road Bengaluru,4.4,Excellent,191,3,Near Bangalore Airport ,Kempegowda Airport ,7.7 km ,"4,000",,1,0,0,0,0,0
Hotel Ramanashree Richmond Circle,3.8,Very Good,686,3,Sampangi Rama Nagar ,Cubbon Park,2.1 km ,"2,792",564,1,0,0,0,0,0
SRS Suites,4.4,Excellent,20,,Koramangala,,,"3,178",806,1,0,0,0,0,0
JP CORDIAL,3.7,Very Good,1750,3,Majestic,,,"2,726",638,1,0,0,0,0,0
Taj Bangalore,4.6,Excellent,1172,5,Near Bangalore Airport ,Kempegowda Airport ,900 m ,"11,750",,1,0,0,0,0,0
Radisson Bengaluru City Center,4.5,Excellent,1283,4,Ulsoor,,,"7,500",,1,0,0,0,0,0
The Pride Hotel Bangalore,3.8,Very Good,1526,4,Richmond road ,Cubbon Park,2.6 km ,"4,599",552,1,0,0,0,0,0
BloomSuites | Electronic City,4.1,Very Good,643,4,Electronic City,,,"5,000",,1,0,0,0,0,0
Southern Star Bangalore,3.9,Very Good,1320,4,Ashok Nagar ,MG Road,910 m ,"3,082",872,1,0,0,0,0,0
Royal Orchid Central Bangalore,3.7,Very Good,3836,4,Ulsoor ,MG Road,2.3 km ,"5,823",699,1,0,0,0,0,0
Shivas Galaxy Hotel,4.1,Very Good,963,4,Near Bangalore Airport ,Kempegowda Airport ,8.2 km ,"2,900",604,1,0,0,0,0,0
The Bouvice,4.2,Very Good,151,,Koramangala,,,"2,279",624,1,0,0,0,0,0
JW Marriott Bengaluru Prestige Golfshire Resort and Spa,4.7,Excellent,100,5,In Devanhalli ,Bangalore city centre,52.0 km ,"25,000",,1,0,0,0,0,0
La Sara Grand (Formerly Known as Nandhana Grand),4,Very Good,838,3,Koramangala,,,"2,939",752,1,0,0,0,0,0
Zone By The Park Infantry,3.9,Very Good,762,5,Infantry Road ,MG Road,1.9 km ,"4,252","1,021",1,0,0,0,0,0
The Chancery,3.9,Very Good,2155,4,Ashok Nagar ,MG Road,980 m ,"4,230",990,1,0,0,0,0,0
Nash Inn Electronic City,3.1,Good,321,,Electronic City,,,979,268,1,0,0,0,0,0
Radisson Blu Bengaluru Outer Ring Road,4.2,Very Good,1159,5,Outer Ring Road,,,"8,000",,1,0,0,0,0,0
"Ginger Bangalore, Whitefield",3.7,Very Good,1198,3,Brookefield,,,"1,884",,1,0,0,0,0,0
Hotel Royal Orchid Bangalore,3.9,Very Good,2185,5,Domlur Layout,,,"7,268",872,1,0,0,0,0,0
"The Hosteller Bangalore, Koramangala",4.3,Excellent,13,,Koramangala,,,"1,295",294,1,0,0,0,0,0
Silicon City Hotel,3.4,Good,695,4,Hosur road,,,"1,586",418,1,0,0,0,0,0
Country Inn And Suites By Radisson Bengaluru Hebbal,3.8,Very Good,1928,4,Hebbal,,,"3,500",,1,0,0,0,0,0
Octave Himalaya Monarch,4,Very Good,2624,3,Gandhi Nagar,,,"1,645",333,1,0,0,0,0,0
Greenpark Bengaluru,4.7,Excellent,62,4,Bannerghatta Main road,,,"6,345","1,350",1,0,0,0,0,0
ITC Gardenia - A Luxury Collection Hotel,4.5,Excellent,1389,5,Ashok Nagar ,MG Road,2.1 km ,"11,700",,1,0,0,0,0,0
The Continentti Whitefield,4,Very Good,1189,3,Brookefield,,,"2,791",564,1,0,0,0,0,0
The Monarch Luxur,3.9,Very Good,775,4,Infantry Road ,MG Road,1.6 km ,"3,723",752,1,0,0,0,0,0
Ballal Residency,3.9,Very Good,875,3,Residency Road ,MG Road,2.3 km ,"3,084",836,1,0,0,0,0,0
Hibernest Indiranagar,4.2,Very Good,142,,Indiranagar,,,"1,005",325,1,0,0,0,0,0
Fortune Park JP Celestial-Member ITC Hotel Group,3.8,Very Good,1876,4,Gandhi Nagar,,,"5,292",,1,0,0,0,0,0
"Click Hotel Bangalore, International Airport",4.2,Very Good,438,3,Near Bangalore Airport ,Kempegowda Airport ,8.0 km ,"3,510",421,1,0,0,0,0,0
Omatra Hotel HSR,3.4,Good,91,,Outer Ring Road,,,"2,194",539,1,0,0,0,0,0
Svenska Design Hotel,3.3,Good,627,,Electronic City,,,"1,999",642,1,0,0,0,0,0
Peninsula Suites,3.9,Very Good,1341,4,Whitefield,,,"2,264",306,1,0,0,0,0,0
Iris Hotel & Spa Bangalore,4.1,Very Good,1016,4,Residency Road ,MG Road,2.1 km ,"5,330","1,247",1,0,0,0,0,0
SM Royal Stay Hotel near Intl Airport Bangalore,4.2,Very Good,47,3,Near Bangalore Airport ,Kempegowda Airport ,5.0 km ,"1,692",360,1,0,0,0,0,0
Halcyon Residences,3.8,Very Good,613,,Koramangala,,,"2,759",755,1,0,0,0,0,0
Shangri-La Bengaluru,4.5,Excellent,584,5,Palace road ,Bangalore Palace,1.9 km ,"13,500",,1,0,0,0,0,0
The Leela Bhartiya City Bengaluru,4.6,Excellent,213,5,Tirumanahalli,,,"11,000",,1,0,0,0,0,0
"Holiday Inn Express & Suites, OMR Bengaluru",4.1,Very Good,526,4,Whitefield,,,"3,999",,1,0,0,0,0,0
Fairfield By Marriott Bengaluru Rajajinagar,3.9,Very Good,883,4,Rajajinagar,,,"5,400",,1,0,0,0,0,0
The Zuri Whitefield,4.3,Excellent,662,5,Whitefield,,,"6,501",780,1,0,0,0,0,0
MAYBAACH HOTELS,4.1,Very Good,79,3,Marathahalli,,,"2,820",660,1,0,0,0,0,0
Regenta Place Bangalore by Royal Orchid Hotels Limited,3.5,Very Good,923,4,Shivaji Nagar ,MG Road,2.2 km ,"2,848",342,1,0,0,0,0,0
Icon Business Hotel by Bhagini,3.6,Very Good,1024,3,HAL old airport road,,,"2,300",465,1,0,0,0,0,0
Sterlings Mac Hotel & Suites,4.1,Very Good,732,5,HAL old airport road,,,"6,768","1,368",1,0,0,0,0,0
Nexstay Kites Inn,4.3,Excellent,36,3,Hosur road,,,"2,799",,1,0,0,0,0,0
The Leela Palace Bengaluru,4.5,Excellent,1048,5,HAL old airport road,,,"16,500",,1,0,0,0,0,0
Omatra Infantry Road | Rooms in a Homestay,3.8,Very Good,319,,Infantry Road ,MG Road,1.4 km ,"2,098",554,1,0,0,0,0,0
Bloom Hotel HSR Layout Sector 3,3.9,Very Good,24,3,HSR Layout,,,"5,500",,1,0,0,0,0,0
NOOR EMPIRE INTERNATIONAL,3.7,Very Good,1552,3,Koramangala,,,"2,776",752,1,0,0,0,0,0
Attide Biz,3.5,Very Good,468,3,Hebbal,,,"2,835",693,1,0,0,0,0,0
Stayhome Classic,4.3,Excellent,285,,Bilekahalli,,,"2,345",642,1,0,0,0,0,0
DoubleTree Suites by Hilton,4.3,Excellent,849,5,Outer Ring Road,,,"9,500",,1,0,0,0,0,0
Bloomrooms @ Indiranagar,4.1,Very Good,874,3,Indiranagar,,,"4,300",,1,0,0,0,0,0
RG Royal Hotel,4.2,Very Good,875,4,Yeshwanthpur,,,"3,666",741,1,0,0,0,0,0
Four Seasons Hotel Bengaluru at Embassy One,4.8,Excellent,302,5,Ganganagar ,Palace Grounds,990 m ,"14,875",,1,0,0,0,0,0
Ramee Strand inn,3,Good,348,3,Hosur road,,,"1,505",396,1,0,0,0,0,0
Shravanthi Sarovar Portico JP Nagar,3.6,Very Good,139,4,Outer Ring Road,,,"3,977",804,1,0,0,0,0,0
"Vivanta Bengaluru, Whitefield",4.3,Excellent,959,5,Whitefield,,,"7,500",,1,0,0,0,0,0
Melange Astris,4.1,Very Good,1006,,Richmond road ,Cubbon Park,2.5 km ,"4,300",969,1,0,0,0,0,0
Octave Church Inn,3.5,Very Good,712,3,Church Street ,MG Road,94 m ,"1,669",337,1,0,0,0,0,0
Mastiff Infantry Bengaluru,4,Very Good,221,3,Infantry Road ,MG Road,1.8 km ,"1,865",569,1,0,0,0,0,0
"Taj Club House, Chennai",4.3,Excellent,2000,5,Royapettah,,,"6,390",767,0,1,0,0,0,0
The Park Chennai,3.7,Very Good,8366,5,Near US Consulate,,,"7,198","2,167",0,1,0,0,0,0
"Taj Fisherman's Cove Resort & Spa, Chennai",4.3,Excellent,1856,5,Covelong ,city centre,36.3 km ,"12,555","2,260",0,1,0,0,0,0
Hotel Savera,4,Very Good,7458,4,Mylapore,,,"4,612","1,091",0,1,0,0,0,0
Ibis Chennai OMR - An Accor Brand,4.1,Very Good,2545,4,Sholinganallur,,,"3,345",,0,1,0,0,0,0
"Taj Coromandel, Chennai",4.5,Excellent,784,5,Near US Consulate,,,"11,200",,0,1,0,0,0,0
Courtyard by Marriott Chennai,4.2,Very Good,1208,4,Mount road,,,"7,500",,0,1,0,0,0,0
Radisson Blu Hotel Chennai City Centre,4.3,Excellent,3991,5,Egmore,,,"9,443",,0,1,0,0,0,0
FIRST INN HOTELS,3.8,Very Good,214,,Perungudi,,,"2,907",594,0,1,0,0,0,0
Ibis Chennai City Centre - An Accor Brand,3.9,Very Good,2213,3,Mount road ,Thousand Lights Mosque,540 m ,"5,299",,0,1,0,0,0,0
Rohaan Inns - UPAR Ashok Nagar,4.1,Very Good,179,,Ashok Nagar ,Chennai Airport,9.4 km ,"1,771",495,0,1,0,0,0,0
"Vivanta Chennai, IT Expressway",4.4,Excellent,1601,5,Sholinganallur,,,"7,360",,0,1,0,0,0,0
"Taj Connemara, Chennai",4.5,Excellent,1215,5,Chennai,,,"7,600","1,368",0,1,0,0,0,0
Four Points by Sheraton Chennai OMR,4.1,Very Good,2314,4,Sholinganallur,,,"5,859","1,197",0,1,0,0,0,0
Ramada Plaza by Wyndham,4.5,Excellent,3185,5,Saidapet ,Chennai Airport,7.6 km ,"7,533","2,554",0,1,0,0,0,0
Citadines OMRChennai,4.4,Excellent,1714,5,Sholinganallur,,,"11,340",,0,1,0,0,0,0
The Leela Palace Chennai,4.5,Excellent,1261,5,Raja Annamalai Puram,,,"10,800",,0,1,0,0,0,0
"The Raintree, Annasalai",4.4,Excellent,2376,5,Mount road,,,"7,299",,0,1,0,0,0,0
Hablis,4.2,Very Good,4529,4,Mount road ,Chennai Airport,5.9 km ,"5,271","1,124",0,1,0,0,0,0
Novotel Chennai Chamiers Road,4.3,Excellent,1002,5,Nandanam,,,"7,391",,0,1,0,0,0,0
The Residency,4.2,Very Good,1714,4,T Nagar,,,"5,336","1,455",0,1,0,0,0,0
The Residency Towers,4.3,Excellent,1151,5,T Nagar,,,"6,696","1,826",0,1,0,0,0,0
Novotel Chennai OMR - An Accor Brand,4.3,Excellent,1001,5,Sholinganallur,,,"6,134",,0,1,0,0,0,0
Hotel Southern Comfort ( Chennai Airport ),3.6,Very Good,2962,3,Chennai Airport ,Chennai Airport,1.3 km ,"2,870",757,0,1,0,0,0,0
Lemon Tree Hotel Chennai,3.6,Very Good,3059,4,Saidapet ,Chennai Airport,7.8 km ,"2,487",903,0,1,0,0,0,0
The Pride Hotel Chennai,3.6,Very Good,1911,4,Kilpauk,,,"3,399",408,0,1,0,0,0,0
"Ginger Chennai, Vadapalani",3.5,Very Good,2282,3,Vadapalani,,,"2,699",,0,1,0,0,0,0
UPAR Nungambakkam,4.1,Very Good,281,,Nungambakkam,,,"2,716",633,0,1,0,0,0,0
Ginger Chennai,3.5,Very Good,2071,3,Tharamani,,,"3,299",,0,1,0,0,0,0
Holiday Inn Express Chennai OMR Thoraipakkam,3.5,Very Good,2087,4,Thoraipakkam,,,"3,680",480,0,1,0,0,0,0
Raj Park Chennai,3.6,Very Good,1158,4,Teynampet,,,"3,953",935,0,1,0,0,0,0
"UPAR Uthandi, ECR",3.6,Very Good,94,,East Coast Road (ECR),,,"1,317",397,0,1,0,0,0,0
Hotel Abu Palace,3.4,Good,1592,4,Purasawalkam ,Chennai Egmore Railway Station,920 m ,"2,947",789,0,1,0,0,0,0
Ramada Chennai Egmore,3.9,Very Good,4600,4,Egmore,,,"4,557","1,078",0,1,0,0,0,0
Hyatt Regency Chennai,4.1,Very Good,1152,5,Teynampet,,,"7,499",,0,1,0,0,0,0
"Lemon Tree Hotel, Shimona, Chennai",4,Very Good,1288,4,Manapakkam ,Chennai Airport,9.0 km ,"2,819","1,115",0,1,0,0,0,0
Trident Chennai,4.5,Excellent,1140,5,Chennai Airport ,Chennai Airport,3.0 km ,"12,750",,0,1,0,0,0,0
Holiday Inn Chennai OMR IT Expressway,4.2,Very Good,1676,5,Thiruvanmiyur,,,"7,499",,0,1,0,0,0,0
Ibis Chennai SIPCOT - An Accor Brand,4,Very Good,1479,3,Egatoor ,city centre,31.2 km ,"3,299",,0,1,0,0,0,0
The Accord Metropolitan,4.1,Very Good,2220,5,T Nagar,,,"6,500","1,957",0,1,0,0,0,0
Park Hyatt Chennai,4.5,Excellent,525,5,Guindy ,Chennai Airport,7.8 km ,"9,000",,0,1,0,0,0,0
OYO Home Fantasea Uthandi Near Juhu Beach,1.9,Poor,7,,Uthandi,,,769,40,0,1,0,0,0,0
Gokulam Park Sabari - Siruseri SIPCOT,4.2,Very Good,1271,4,Navallur,,,"5,719","1,244",0,1,0,0,0,0
BOULEVARD BY DESIGN HOTEL,4.1,Very Good,821,4,Velachery ,Chennai Airport,8.7 km ,"4,860","1,026",0,1,0,0,0,0
Fairfield by Marriott Chennai OMR,4.2,Very Good,983,4,Sholinganallur,,,"4,850",,0,1,0,0,0,0
ITC Grand Chola - A Luxury Collection Hotel,4.4,Excellent,2603,5,Guindy ,Chennai Airport,7.8 km ,"12,500",,0,1,0,0,0,0
The Ambassador Pallava,4,Very Good,1926,4,Egmore,,,"8,079","2,432",0,1,0,0,0,0
Le Royal Meridien,3.9,Very Good,1968,5,Mount road ,Chennai Airport,5.6 km ,"9,000",,0,1,0,0,0,0
"Taj Wellington Mews, Chennai",4.7,Excellent,327,5,Tharamani,,,"10,560",,0,1,0,0,0,0
Novotel Chennai Sipcot - An Accor Brand,4.3,Excellent,855,5,Egatoor ,city centre,31.6 km ,"8,138",,0,1,0,0,0,0
The Mount Manor,3.4,Good,874,3,Chennai Airport ,Chennai Airport,3.8 km ,"2,350",634,0,1,0,0,0,0
Green Park Chennai,4.2,Very Good,1503,5,Vadapalani,,,"6,696","1,368",0,1,0,0,0,0
Mango Hill central Chennai,3.2,Good,196,3,T Nagar,,,"3,314",677,0,1,0,0,0,0
Venture Park,3.5,Very Good,1192,3,Thoraipakkam,,,"1,315",339,0,1,0,0,0,0
Grand Chennai by GRT Hotels,4.5,Excellent,1535,5,T Nagar,,,"8,550","1,710",0,1,0,0,0,0
"Season 4 Residences, Nungambakkam",3.7,Very Good,101,,Near US Consulate,,,"2,591",620,0,1,0,0,0,0
Ginger Chennai OMR,4.5,Excellent,161,3,Navallur,,,"2,479",,0,1,0,0,0,0
Hotel Pandian,3.5,Very Good,2322,2,Egmore,,,"1,595",342,0,1,0,0,0,0
Hilton Chennai,4.3,Excellent,811,5,Guindy ,Chennai Airport,8.2 km ,"11,000",,0,1,0,0,0,0
FORTEL,3.5,Very Good,502,,Egmore,,,"3,118",703,0,1,0,0,0,0
Royal Park,3.1,Good,10,,Near Marina Beach,,,"1,351",407,0,1,0,0,0,0
Fairfield by Marriott Chennai Mahindra World City,4.2,Very Good,442,4,Mahindra World City ,city centre,45.7 km ,"5,533","1,130",0,1,0,0,0,0
Crossway Parklane Airport Hotel,3.2,Good,517,3,Meenambakkam ,Chennai Airport,2.9 km ,"2,544",574,0,1,0,0,0,0
Hotel Ashok Residency,3.7,Very Good,559,3,Porur,,,"4,290",933,0,1,0,0,0,0
Hotel Greens Gate (Near Central station),3.6,Very Good,1869,,Poongavanapuram,,,"1,887",498,0,1,0,0,0,0
HOTEL RANJITH,4,Very Good,159,3,Near US Consulate,,,"5,208","1,064",0,1,0,0,0,0
"Welcomhotel by ITC Hotels, GST Road, Chennai",4.2,Very Good,510,5,Singaperumal Koil ,city centre,43.6 km ,"7,200",,0,1,0,0,0,0
Regenta Central RS Chennai SIPCOT OMR,4.4,Excellent,740,4,Egatoor ,city centre,31.6 km ,"3,824",459,0,1,0,0,0,0
CRESCENT PARK (near US Consulate Chennai),4.1,Very Good,284,3,Nungambakkam,,,"2,307",471,0,1,0,0,0,0
Harrisons,4,Very Good,604,3,Nungambakkam,,,"3,906",798,0,1,0,0,0,0
MGM Beach Resorts (15Kms before Mahabalipuram),3.9,Very Good,2900,4,Muttukadu ,city centre,31.8 km ,"25,110","7,812",0,1,0,0,0,0
PARK PLAZA CHENNAI OMR,4,Very Good,198,5,Thoraipakkam,,,"4,200",,0,1,0,0,0,0
Feathers A Radha Hotel Chennai,4.3,Excellent,447,5,Manapakkam ,Chennai Airport,9.7 km ,"8,999",,0,1,0,0,0,0
V7 HOTEL,3.2,Good,1120,3,Porur,,,"3,667",896,0,1,0,0,0,0
"Keys Select by Lemon Tree Hotels, Katti-Ma, Chennai",3.7,Very Good,400,3,Adyar,,,"2,240",796,0,1,0,0,0,0
Hostel Gandhi,4.2,Very Good,109,,Saidapet ,Chennai Airport,8.0 km ,"1,307",107,0,1,0,0,0,0
Grand Cascade,3.6,Very Good,1402,3,Poongavanapuram ,Chennai Central Railway Station,730 m ,"2,052",502,0,1,0,0,0,0
Days Hotel Chennai OMR,4.3,Excellent,392,4,Kelambakkam ,city centre,35.3 km ,"2,767",565,0,1,0,0,0,0
PP Residency,4,Very Good,421,,Chennai ,city centre,35.0 km ,"2,768",713,0,1,0,0,0,0
Highnest | Rooms & Caretaker,3.5,Very Good,52,,Kattankolatur R.F. ,city centre,40.6 km ,"2,815",633,0,1,0,0,0,0
Grand Elegant,3.9,Very Good,1064,,Poongavanapuram,,,"2,046",418,0,1,0,0,0,0
Accord Chrome,4.5,Excellent,217,,Chromepet ,Chennai Airport,5.4 km ,"6,975","1,425",0,1,0,0,0,0
AVENUE HOTEL -CHENNAI AIRPORT,3.6,Very Good,1338,,Pallavaram ,Chennai Airport,3.1 km ,"2,671",546,0,1,0,0,0,0
La Woods hotel (1Km from us consulate chennai),4,Very Good,323,,Mount road,,,"3,360",403,0,1,0,0,0,0
E Hotel,4.1,Very Good,590,4,Royapettah,,,"6,749",810,0,1,0,0,0,0
Hotel Bakya Slot - Maraimalai Nagar,3.6,Very Good,210,3,Maraimalai Nagar ,city centre,37.4 km ,"2,046",484,0,1,0,0,0,0
Pharos Hotels,4.3,Excellent,73,3,Nungambakkam,,,"4,650","1,100",0,1,0,0,0,0
Al Noor Palace,4,Very Good,290,,Triplicane ,Marina Beach,1.8 km ,"2,093",428,0,1,0,0,0,0
JS Five two By twinstar hotel,4,Very Good,68,,Raja Annamalai Puram,,,"3,794",976,0,1,0,0,0,0
HOTEL HALEZ,4.3,Excellent,490,,Sholinganallur,,,"3,800",456,0,1,0,0,0,0
Essentia Premier Hotel,4.1,Very Good,63,4,Thoraipakkam,,,"3,989",479,0,1,0,0,0,0
ILARA Hotel & Spa,4,Very Good,785,3,Navallur,,,"2,650",576,0,1,0,0,0,0
The Centrepoint OMR,3.8,Very Good,886,3,Sholinganallur,,,"3,322",723,0,1,0,0,0,0
"KLASE HOTELS, GUINDY",3.3,Good,260,3,Mount road ,Chennai Airport,8.4 km ,"2,914",768,0,1,0,0,0,0
Just Guest House,4,Very Good,745,,Pazhavanthangal ,Chennai Airport,4.0 km ,"3,149",811,0,1,0,0,0,0
GRAND OLIVER,3.6,Very Good,490,,Poongavanapuram,,,"1,243",302,0,1,0,0,0,0
Pebbles Serviced Apartments,4.2,Very Good,179,,T Nagar,,,"2,349",547,0,1,0,0,0,0
Mercure Chennai Sriperumbudur - An Accor Brand,4.2,Very Good,70,5,Oragadam ,city centre,43.0 km ,"5,900",,0,1,0,0,0,0
ZAITH RESIDENCY,3.4,Good,243,,Thousand Lights,,,"2,355",635,0,1,0,0,0,0
Mount Kailash Suites,4,Very Good,422,3,Mount road ,Chennai Airport,9.2 km ,"2,516",615,0,1,0,0,0,0
The Mount City near US Consulate,3.6,Very Good,395,,Triplicane ,Marina Beach,2.9 km ,"1,748",460,0,1,0,0,0,0
"Country Inn and Suites by Radisson, Sahibabad",4.2,Very Good,15697,5,In Ghaziabad ,Delhi city centre,30.0 km ,"6,249",,0,0,1,0,0,0
Radisson Blu Kaushambi Delhi NCR,4,Very Good,1826,5,In Ghaziabad ,Delhi city centre,28.0 km ,"5,039",605,0,0,1,0,0,0
The Ashok,3.8,Very Good,5694,5,Chanakyapuri ,T1 - Delhi Airport (IGI Airport),9.8 km ,"6,288",,0,0,1,0,0,0
Pride Plaza Hotel Aerocity New Delhi,4,Very Good,7275,5,Aerocity ,Indira Gandhi International Airport,4.0 km ,"6,499",780,0,0,1,0,0,0
"Golden Tulip Vasundhara Hotel & Suites, Delhi NCR",3.9,Very Good,2057,4,In Ghaziabad ,Delhi city centre,31.0 km ,"3,386",871,0,0,1,0,0,0
"Welcomhotel by ITC Hotels, Dwarka, New Delhi",4,Very Good,9348,5,Sector 10 Dwarka,,,"6,223",,0,0,1,0,0,0
Holiday Inn New Delhi International Airport,4.2,Very Good,5734,5,Aerocity ,Indira Gandhi International Airport,3.8 km ,"6,999",,0,0,1,0,0,0
Novotel New Delhi International Airport- An Accor hotels brand,4.1,Very Good,4534,5,Aerocity ,Indira Gandhi International Airport,4.2 km ,"7,250",,0,0,1,0,0,0
The Suryaa New Delhi,4.1,Very Good,4314,5,New Friends Colony,,,"5,348","1,092",0,0,1,0,0,0
The Hosteller Delhi | Private Rooms & Dorms,4.3,Excellent,795,,New Friends Colony,,,"2,228",503,0,0,1,0,0,0
The LaLiT New Delhi,4.1,Very Good,7908,5,Connaught Place,,,"9,040","2,430",0,0,1,0,0,0
Radisson Blu Plaza Delhi Airport,4.3,Excellent,7275,5,Mahipalpur ,Indira Gandhi International Airport,5.2 km ,"4,500",765,0,0,1,0,0,0
Roseate House New Delhi,4.4,Excellent,9130,5,Aerocity ,Indira Gandhi International Airport,3.5 km ,"9,649","1,737",0,0,1,0,0,0
Lemon Tree Hotel East Delhi Mall Kaushambi,3.9,Very Good,1550,4,In Ghaziabad ,Delhi city centre,24.0 km ,"2,073",752,0,0,1,0,0,0
YWCA OF DELHI BLUE TRIANGLE FAMILY HOSTEL,3.9,Very Good,505,,Connaught Place ,Metro Museum,690 m ,"2,620",770,0,0,1,0,0,0
Hotel Trans International,4.2,Very Good,6933,4,Mahipalpur ,Indira Gandhi International Airport,4.3 km ,"2,274",465,0,0,1,0,0,0
The Leela Ambience Convention Hotel Delhi,4.4,Excellent,3845,5,East Delhi,,,"7,499",,0,0,1,0,0,0
Jaypee Vasant Continental Hotel,4,Very Good,1696,5,Vasant Vihar ,T1 - Delhi Airport (IGI Airport),7.6 km ,"5,999",,0,0,1,0,0,0
YWCA INTERNATIONAL GUEST HOUSE,3.8,Very Good,412,,Connaught Place ,India Gate,3.0 km ,"2,408",648,0,0,1,0,0,0
Holiday Inn New Delhi Mayur Vihar,4.1,Very Good,2935,5,East Delhi,,,"6,249",,0,0,1,0,0,0
Lemon Tree Premier Delhi Airport,3.9,Very Good,9726,4,Aerocity ,Indira Gandhi International Airport,4.1 km ,"4,464","1,478",0,0,1,0,0,0
Radisson Blu Marina Hotel Connaught Place,3.8,Very Good,2642,5,Connaught Place,,,"8,000",,0,0,1,0,0,0
The Metropolitan Hotel and Spa,4.1,Very Good,4049,5,Connaught Place,,,"7,500",,0,0,1,0,0,0
The Grand New Delhi,3.8,Very Good,1885,5,Vasant Kunj ,Indira Gandhi International Airport,7.7 km ,"12,899","2,322",0,0,1,0,0,0
Crowne Plaza Mayur Vihar,4.3,Excellent,3398,5,East Delhi,,,"8,649",,0,0,1,0,0,0
Hotel Smart Plaza,4.3,Excellent,4031,3,Mahipalpur ,Indira Gandhi International Airport,4.4 km ,"1,525",423,0,0,1,0,0,0
Hotel Aero Star,4.3,Excellent,9760,4,Mahipalpur ,Indira Gandhi International Airport,4.3 km ,"2,472",505,0,0,1,0,0,0
Golden Bliss Near IGI Airport Mahipalpur,3,Good,108,,Mahipalpur ,Indira Gandhi International Airport,4.1 km ,"2,794",811,0,0,1,0,0,0
Hotel International Inn,4.1,Very Good,12005,3,Mahipalpur ,Indira Gandhi International Airport,4.3 km ,"2,199",537,0,0,1,0,0,0
The Park New Delhi,3.5,Very Good,6779,5,Connaught Place ,Connaught Place,730 m ,"7,905","2,125",0,0,1,0,0,0
ibis New Delhi Aerocity - An Accor Brand,3.7,Very Good,5538,4,Aerocity ,Indira Gandhi International Airport,4.4 km ,"5,100",,0,0,1,0,0,0
goSTOPS Delhi - Rooms & Dorms,4.2,Very Good,1076,,Chandni Chowk ,Red Fort,1.8 km ,"1,481",384,0,0,1,0,0,0
Hotel The Royal Plaza,3.4,Good,10365,4,Connaught Place ,India Gate,2.3 km ,"7,379",885,0,0,1,0,0,0
"Taj Mahal, New Delhi",4.5,Excellent,991,5,Man Singh Road Area ,India Gate,1.2 km ,"12,000",,0,0,1,0,0,0
Hotel Shanti Palace (Mahipalpur),3.7,Very Good,2308,4,Mahipalpur ,Indira Gandhi International Airport,4.1 km ,"2,604",532,0,0,1,0,0,0
Aloft New Delhi Aerocity,4.2,Very Good,2906,5,Aerocity ,Indira Gandhi International Airport,4.1 km ,"6,950",,0,0,1,0,0,0
Radisson Blu Hotel New Delhi Dwarka,3.7,Very Good,7268,5,Sector 13 Dwarka,,,"5,953",714,0,0,1,0,0,0
Hotel Star,4.3,Excellent,1202,4,Mahipalpur ,Indira Gandhi International Airport,4.3 km ,"2,472",505,0,0,1,0,0,0
Pullman New Delhi International Airport- An Accor Luxury Brand,4.3,Excellent,2197,5,Aerocity ,Indira Gandhi International Airport,4.2 km ,"10,500",,0,0,1,0,0,0
Hotel Aman Continental @ Paharganj,4.3,Excellent,5760,3,Paharganj ,New Delhi Railway Station,390 m ,"2,045",620,0,0,1,0,0,0
"Taj Palace, New Delhi",4.5,Excellent,7913,5,Chanakyapuri ,T1 - Delhi Airport (IGI Airport),7.0 km ,"11,500",,0,0,1,0,0,0
Red Fox Hotel Delhi Airport,3.9,Very Good,7509,3,Aerocity ,Indira Gandhi International Airport,4.2 km ,"2,903","1,054",0,0,1,0,0,0
"Vivanta New Delhi, Dwarka",4.3,Excellent,7707,5,Sector 21 Dwarka,,,"7,100",,0,0,1,0,0,0
The Gold Regency @ Paharganj,4.3,Excellent,2949,3,Paharganj ,New Delhi Railway Station,310 m ,"2,044",620,0,0,1,0,0,0
Red Brick | Home by Earthaa Escapes,4.2,Very Good,132,,Malviya Nagar,,,"2,548",696,0,0,1,0,0,0
JW Marriott Hotel New Delhi Aerocity,4.5,Excellent,1308,5,Aerocity ,Indira Gandhi International Airport,4.1 km ,"12,800",,0,0,1,0,0,0
Crowne Plaza Rohini,4.3,Excellent,2702,5,Rohini,,,"6,498",,0,0,1,0,0,0
"Park Plaza, Shahdara",3.7,Very Good,3422,5,East Delhi,,,"3,825",,0,0,1,0,0,0
Andaz Delhi - A concept by Hyatt,4.3,Excellent,1272,5,Aerocity ,Indira Gandhi International Airport,3.9 km ,"11,000",,0,0,1,0,0,0
Homestay AC Dormitory at Kashmiri Gate,3.9,Very Good,256,,North Delhi,,,735,229,0,0,1,0,0,0
Zone Connect Saket Delhi,3.9,Very Good,390,5,Saket,,,"5,900","1,205",0,0,1,0,0,0
Crowne Plaza Okhla,4.3,Excellent,2802,5,Okhla Industrial Area,,,"6,300",,0,0,1,0,0,0
Taurus Sarovar Portico,3.1,Good,845,4,Mahipalpur ,Indira Gandhi International Airport,4.0 km ,"2,976",608,0,0,1,0,0,0
The Leela Palace New Delhi,4.5,Excellent,449,5,Chanakyapuri ,T1 - Delhi Airport (IGI Airport),8.5 km ,"17,000",,0,0,1,0,0,0
Shangri-La Eros New Delhi,4.4,Excellent,1832,5,Connaught Place ,India Gate,2.3 km ,"12,500",,0,0,1,0,0,0
Sheraton New Delhi,4.5,Excellent,1706,5,Saket,,,"9,500",,0,0,1,0,0,0
"Hyatt Centric Janakpuri, New Delhi",3.6,Very Good,850,5,Janakpuri,,,"5,599",,0,0,1,0,0,0
ITC Maurya - A Luxury Collection Hotel,4.3,Excellent,2009,5,Chanakyapuri ,T1 - Delhi Airport (IGI Airport),7.4 km ,"11,000",,0,0,1,0,0,0
Le Meridien Delhi,4.2,Very Good,1622,5,Connaught Place ,India Gate,2.1 km ,"12,150",,0,0,1,0,0,0
"Eros Hotel New Delhi ,Nehru Place",4,Very Good,2733,5,Near Nehru Place,,,"4,999",,0,0,1,0,0,0
Jaypee Siddharth Hotel,3.7,Very Good,2052,5,Pusa road ,BLK Hospital,590 m ,"6,299",,0,0,1,0,0,0
Hotel Vertu,4,Very Good,3227,4,Mahipalpur ,Indira Gandhi International Airport,4.2 km ,"2,525",631,0,0,1,0,0,0
"Le ROI, Delhi@ New Delhi Railway Station",4,Very Good,4625,3,Paharganj,,,"2,474",633,0,0,1,0,0,0
Ashiana Hotel @ New Delhi Railway Station,3.7,Very Good,176,,Paharganj ,New Delhi Railway Station,880 m ,883,307,0,0,1,0,0,0
The Roseate,4.3,Excellent,2371,5,Mahipalpur ,Indira Gandhi International Airport,8.0 km ,"12,024","2,164",0,0,1,0,0,0
"The Connaught, New Delhi - IHCL SeleQtions",4.5,Excellent,2016,4,Connaught Place ,Connaught Place,980 m ,"7,499",,0,0,1,0,0,0
Hyatt Regency New Delhi,4.2,Very Good,1655,5,R.K. Puram ,T1 - Delhi Airport (IGI Airport),8.3 km ,"8,100","1,863",0,0,1,0,0,0
Hotel Samrat,3.2,Good,2214,4,Chanakyapuri ,T1 - Delhi Airport (IGI Airport),9.8 km ,"4,278",874,0,0,1,0,0,0
New Delhi YMCA Tourist Hostel | Rooms & Wi-Fi,3.5,Very Good,1401,,Connaught Place ,Connaught Place,900 m ,"3,148",847,0,0,1,0,0,0
Golden Keys Inn,3.7,Very Good,752,3,North Delhi,,,"2,009",679,0,0,1,0,0,0
Ginger East Delhi,3.5,Very Good,3276,3,East Delhi,,,"1,839",,0,0,1,0,0,0
The Hans,3.6,Very Good,1397,4,Connaught Place ,Agrasen Ki Baoli,600 m ,"4,860",993,0,0,1,0,0,0
Shubham Vilas,4.2,Very Good,323,,Rajouri Garden,,,"1,876",665,0,0,1,0,0,0
Ramada By Wyndham New Delhi Pitampura,3.5,Very Good,1620,4,North Delhi,,,"4,437",906,0,0,1,0,0,0
Svelte Hotel & Personal Suites,3.6,Very Good,967,5,Saket,,,"8,333",,0,0,1,0,0,0
The Grand Uddhav,4.2,Very Good,1838,3,Paharganj ,New Delhi Railway Station,740 m ,"3,081",817,0,0,1,0,0,0
Hotel Chanakya Inn,3.4,Good,2603,3,Mahipalpur ,Indira Gandhi International Airport,4.1 km ,"1,836",513,0,0,1,0,0,0
Hotel Viva Palace @ Delhi Airport,3.9,Very Good,528,4,Mahipalpur ,Indira Gandhi International Airport,4.2 km ,"2,271",567,0,0,1,0,0,0
Hotel Hari Piorko,3.8,Very Good,5220,3,Paharganj ,New Delhi Railway Station,630 m ,"1,104",412,0,0,1,0,0,0
Hotel Southern,3.4,Good,2350,3,Karol bagh,,,"1,951",469,0,0,1,0,0,0
Hotel Delhi 37,4.3,Excellent,8326,3,Mahipalpur ,Indira Gandhi International Airport,4.3 km ,"2,472",505,0,0,1,0,0,0
Red Fox Hotel East Delhi,3.6,Very Good,1069,3,East Delhi,,,"1,908",692,0,0,1,0,0,0
HOME@B11,2.3,Average,3,,East Of Kailash,,,"2,758",901,0,0,1,0,0,0
The Umrao,3.9,Very Good,2863,5,Samalka ,Indira Gandhi International Airport,6.5 km ,"5,000",,0,0,1,0,0,0
IIDL Suites,4.1,Very Good,1926,4,East Delhi,,,"4,900",,0,0,1,0,0,0
Four Points by Sheraton Delhi,4,Very Good,1662,4,Samalka ,Indira Gandhi International Airport,6.4 km ,"4,559",,0,0,1,0,0,0
"Deventure Sarovar Portico, Kapashera, New Delhi",3.9,Very Good,2681,4,Delhi ,Indira Gandhi International Airport,8.1 km ,"5,022","1,026",0,0,1,0,0,0
The Dream House BnB | Rooms & Caretaker,4.1,Very Good,41,,Safdarjung Enclave ,T1 - Delhi Airport (IGI Airport),9.4 km ,"2,542",684,0,0,1,0,0,0
"Park Inn by Radisson, IP Extension- New Delhi",3.8,Very Good,2618,4,East Delhi,,,"4,150",,0,0,1,0,0,0
The Claridges New Delhi,4.1,Very Good,1055,5,Motilal Nehru Marg Area ,India Gate,2.2 km ,"10,350","1,863",0,0,1,0,0,0
De Pavilion Hotel,3.6,Very Good,2047,4,Mahipalpur ,Indira Gandhi International Airport,4.6 km ,"3,164",646,0,0,1,0,0,0
Venizia Sarovar Portico,3.6,Very Good,563,4,North Delhi,,,"3,766",769,0,0,1,0,0,0
Centaur Hotel,2.5,Average,676,3,Delhi Airport ,Indira Gandhi International Airport,2.0 km ,"3,202",654,0,0,1,0,0,0
The Orion Plaza - Nehru Place,3.8,Very Good,1180,3,Near Nehru Place,,,"2,706",589,0,0,1,0,0,0
Dee Marks Hotel & Resort Delhi Airport,3.4,Good,1572,4,Mahipalpur ,Indira Gandhi International Airport,8.8 km ,"2,534",633,0,0,1,0,0,0
HOTEL LE SEASONS,3.6,Very Good,581,4,Mahipalpur ,Indira Gandhi International Airport,3.8 km ,"2,653",700,0,0,1,0,0,0
Caspia Hotel New Delhi Shalimar Bagh,3.4,Good,1725,3,North Delhi,,,"2,799",572,0,0,1,0,0,0
"Park Inn by Radisson, Lajpat Nagar",4.1,Very Good,1856,4,Andrews Ganj,,,"6,999",,0,0,1,0,0,0
Jukaso Inn Down Town,3.6,Very Good,1207,3,Connaught Place ,Connaught Place,700 m ,"3,134",682,0,0,1,0,0,0
Hotel LA New Delhi,3.6,Very Good,1764,4,Mangolpuri,,,"3,438",702,0,0,1,0,0,0
Kelvish Hotel Near Delhi Airport,3.9,Very Good,1337,3,Mahipalpur ,Indira Gandhi International Airport,5.4 km ,"1,869",481,0,0,1,0,0,0
Radisson Hyderabad Hitec City,3.7,Very Good,7994,5,Gachibowli,,,"4,500",,0,0,0,1,0,0
The Park Hyderabad,3.7,Very Good,11318,5,Somajiguda,,,"5,699","1,284",0,0,0,1,0,0
ITC Kohenur - A Luxury Collection Hotel,4.3,Excellent,2465,5,Hitech City,,,"16,150",,0,0,0,1,0,0
Fairfield by Marriott Hyderabad Gachibowli,3.9,Very Good,5006,4,Gachibowli,,,"4,004",818,0,0,0,1,0,0
Radisson Blu Plaza Hotel,4.1,Very Good,4632,5,Banjara Hills,,,"7,250",,0,0,0,1,0,0
Lemon Tree Hotel Gachibowli,4,Very Good,5372,4,Gachibowli,,,"4,183","1,518",0,0,0,1,0,0
Red Fox Hotel Hyderabad,3.9,Very Good,4338,3,Hitech City,,,"2,654","1,050",0,0,0,1,0,0
"Lemon Tree Hotel, Banjara Hills, Hyderabad",4.1,Very Good,2775,4,Banjara Hills,,,"2,571",933,0,0,0,1,0,0
"Taj Krishna, Hyderabad",4.5,Excellent,1580,5,Banjara Hills,,,"8,000",,0,0,0,1,0,0
Novotel Hyderabad Airport,3.9,Very Good,1278,5,Near Hyderabad Airport ,Rajiv Gandhi International Airport,3.6 km ,"12,999",,0,0,0,1,0,0
Rester Select Kukatpally,4,Very Good,263,3,Kukatpally,,,"2,463",674,0,0,0,1,0,0
The Golkonda Hotel,4.1,Very Good,3981,4,Masab Tank,,,"5,499",660,0,0,0,1,0,0
Trident Hyderabad,4.7,Excellent,1517,5,Hitech City,,,"14,250",,0,0,0,1,0,0
Ellaa Hotel Gachibowli,3.8,Very Good,4341,4,Gachibowli,,,"3,321",678,0,0,0,1,0,0
Lemon Tree Premier HITEC City Hyderabad,4,Very Good,5148,5,Hitech City,,,"3,151","1,246",0,0,0,1,0,0
Siri Inn Hospitality | Rooms in an Apartment,3.6,Very Good,681,,Hitech City,,,"1,287",373,0,0,0,1,0,0
ibis Hyderabad HITEC City - An Accor Brand,3.8,Very Good,1016,3,Hitech City,,,"4,499",,0,0,0,1,0,0
Hyatt Place Hyderabad Banjara Hills,4.1,Very Good,1695,5,Banjara Hills,,,"7,249",,0,0,0,1,0,0
"Vivanta Hyderabad, Begumpet",4.4,Excellent,2743,5,Begumpet,,,"6,500",,0,0,0,1,0,0
Zen Comfort,4,Very Good,300,,Gachibowli,,,"1,438",387,0,0,0,1,0,0
Hyderabad Marriott Hotel and Convention Centre,4.3,Excellent,1240,5,Kavadiguda,,,"6,500",,0,0,0,1,0,0
HOTEL SIGNATURE AIRPORT ZONE SHAMSHABAD,4.1,Very Good,2343,3,Shamshabad ,Rajiv Gandhi International Airport,8.5 km ,"2,217",571,0,0,0,1,0,0
Daspalla Hotel,4.1,Very Good,1948,4,Jubilee Hills,,,"5,413","1,386",0,0,0,1,0,0
Hotel OAK by Signature,4.2,Very Good,1722,3,Shamshabad ,Rajiv Gandhi International Airport,8.5 km ,"1,317",346,0,0,0,1,0,0
Aditya Park Hyderabad - A Sarovar Hotel,4,Very Good,2503,4,Ameerpet,,,"6,111","1,248",0,0,0,1,0,0
"Park Hyatt Hotel and Residences, Hyderabad",4.2,Very Good,874,5,Sri Nagar Colony,,,"10,000",,0,0,0,1,0,0
Marigold By Green Park,4.3,Excellent,2477,5,Ameerpet,,,"5,714","1,485",0,0,0,1,0,0
Hotel Hyderabad Grand,3.8,Very Good,1599,3,Shamshabad ,Rajiv Gandhi International Airport,7.6 km ,"3,028",756,0,0,0,1,0,0
Green Park,4.2,Very Good,1864,4,Ameerpet,,,"5,122","1,267",0,0,0,1,0,0
The Central Court,3.6,Very Good,3819,3,Lakdikapul,,,"2,041",566,0,0,0,1,0,0
Holiday Inn Express Hyderabad HITEC City,3.5,Very Good,1894,3,Hitech City,,,"4,499",,0,0,0,1,0,0
Slackpackr Hostel,4.1,Very Good,87,,Begumpet,,,849,237,0,0,0,1,0,0
Holiday Inn Express Hyderabad Banjara Hills,3.5,Very Good,2359,3,Punjagutta,,,"4,140",540,0,0,0,1,0,0
CITADEL Hotel By Vinnca,4.1,Very Good,949,3,Gaghan Pahad,,,"2,932",802,0,0,0,1,0,0
Aditya Hometel Hyderabad - A Sarovar Hotel,3.5,Very Good,2234,3,Ameerpet,,,"1,860",380,0,0,0,1,0,0
Hotel Deccan Serai Grande,4.4,Excellent,517,4,Gachibowli,,,"7,014","2,297",0,0,0,1,0,0
Katriya Hotel and Towers,2.8,Average,3250,3,Somajiguda,,,"3,761",451,0,0,0,1,0,0
Hotel Saptagiri Hyderabad,3.8,Very Good,2861,3,Shivaji Nagar ,Secunderabad Junction Railway Station ,760 m ,"2,724",614,0,0,0,1,0,0
Hampshire Plaza Hotel,3.8,Very Good,1680,3,Lakdikapul,,,"3,379",891,0,0,0,1,0,0
"Taj Deccan, Hyderabad",4.4,Excellent,2694,5,Banjara Hills,,,"6,990",,0,0,0,1,0,0
Avasa Hotel,4.2,Very Good,2073,5,Madhapur,,,"6,696","1,368",0,0,0,1,0,0
Hotel Akoya - HITECH City Hyderabad,4.1,Very Good,520,3,Hitech City,,,"2,471",681,0,0,0,1,0,0
MARIGOLD AT NEST,3.8,Very Good,93,2,Gachibowli,,,"1,346",307,0,0,0,1,0,0
HOTEL RAINTR33,3.8,Very Good,1012,3,Hitech City,,,"2,011",550,0,0,0,1,0,0
Urban Nest Luxury Rooms,3.9,Very Good,206,,Kokapet,,,"1,046",357,0,0,0,1,0,0
Novotel Hyderabad Convention Centre,4.2,Very Good,2033,5,Hitech City,,,"10,500",,0,0,0,1,0,0
Hotel B Plus L,4,Very Good,866,4,Hitech City,,,"3,360",795,0,0,0,1,0,0
La Hometel Hotel - HITECH City Hyderabad,3.9,Very Good,236,3,Hitech City,,,"1,435",387,0,0,0,1,0,0
Le Meridien Hyderabad,4.3,Excellent,1059,5,Gachibowli,,,"10,500",,0,0,0,1,0,0
Restel Studio Flats,4.2,Very Good,262,,Borabanda,,,"1,801",504,0,0,0,1,0,0
The Conclave,3.2,Good,958,3,Gachibowli,,,"1,613",497,0,0,0,1,0,0
The Landmark Banjara Hills,4,Very Good,613,3,Banjara Hills,,,"1,696",437,0,0,0,1,0,0
THE CENT,3.3,Good,1544,3,Lakdikapul,,,"1,662",389,0,0,0,1,0,0
Courtyard by Marriott Hyderabad,4.5,Excellent,981,4,Kavadiguda,,,"6,000",,0,0,0,1,0,0
The Wilderness Retreat | Rooms & Restaurant,3.9,Very Good,220,,Gandipet,,,"7,346","2,197",0,0,0,1,0,0
The Altruist Business Hotel (Hitech),3.7,Very Good,1888,4,Shilpa Hills,,,"4,278","1,028",0,0,0,1,0,0
Istay Hotels Hitec,3.7,Very Good,1236,3,Kondapur,,,"2,913",613,0,0,0,1,0,0
Hyatt Hyderabad Gachibowli,4.1,Very Good,864,5,Gachibowli,,,"8,750",,0,0,0,1,0,0
The Art Boutique Hotel,3.8,Very Good,1515,3,Gachibowli,,,"2,197",677,0,0,0,1,0,0
Hotel Imperial Classic,3.9,Very Good,2183,3,Himayat Nagar,,,"1,068",315,0,0,0,1,0,0
Mercure Hyderabad KCP - An AccorHotels brand,4.2,Very Good,773,4,Punjagutta,,,"5,000",,0,0,0,1,0,0
Veeraj Suites,4,Very Good,435,3,Rai Durg,,,"2,170",599,0,0,0,1,0,0
Bloom Hotel - Gachibowli,4.1,Very Good,181,3,Gachibowli,,,"4,500",,0,0,0,1,0,0
Oakwood Residence Kapil Hyderabad,4.5,Excellent,957,,Gachibowli,,,"7,500",,0,0,0,1,0,0
Aalankrita Resort & Convention,4.1,Very Good,3109,4,Secunderabad ,city centre,26.5 km ,"4,484",916,0,0,0,1,0,0
Minerva Grand- Kondapur,3.9,Very Good,1019,3,Kothaguda,,,"4,371",893,0,0,0,1,0,0
M SQUARE HOTEL,3.9,Very Good,263,3,Hitech City,,,"4,395",898,0,0,0,1,0,0
Sri Sri Suites,3.4,Good,152,,Madhapur,,,"1,208",330,0,0,0,1,0,0
The Manohar,2.7,Average,258,3,Begumpet,,,"3,158",645,0,0,0,1,0,0
The Lime Boutique Suites,4.1,Very Good,1434,3,Gachibowli,,,"2,976",608,0,0,0,1,0,0
Taj Tristar,3.9,Very Good,992,3,Secunderabad ,city centre,7.7 km ,"2,271",494,0,0,0,1,0,0
Minerva Grand - Banjara,4,Very Good,1453,3,Banjara Hills,,,"4,464",912,0,0,0,1,0,0
Sheraton Hyderabad,4.3,Excellent,769,5,Gachibowli,,,"1,25,000",,0,0,0,1,0,0
ITC Kakatiya - A Luxury Collection Hotel,4.2,Very Good,1071,5,Begumpet,,,"9,690",,0,0,0,1,0,0
Bikanervala Boutique Hotel,4.1,Very Good,1037,3,Banjara Hills,,,"3,488",713,0,0,0,1,0,0
The Park Kolkata,3.9,Very Good,7647,5,New Market Area ,Park Street,210 m ,"4,207",886,0,0,0,0,1,0
"Zone By The Park, Kolkata",3.8,Very Good,8656,5,New Town,,,"3,915",926,0,0,0,0,1,0
JW Marriott Hotel Kolkata,4.4,Excellent,1527,5,Tangra,,,"7,800",,0,0,0,0,1,0
ibis Kolkata Rajarhat - An Accor Brand,3.9,Very Good,2355,4,New Town,,,"2,220",,0,0,0,0,1,0
The Lalit Great Eastern Kolkata,4.2,Very Good,2486,5,Bow Barracks ,Eden Gardens,970 m ,"6,365",764,0,0,0,0,1,0
ITC Royal Bengal - A Luxury Collection Hotel,4.5,Excellent,3849,5,Tangra,,,"8,925",,0,0,0,0,1,0
"Lemon Tree Premier, New Town, Kolkata",4.2,Very Good,3026,5,New Town,,,"2,156",782,0,0,0,0,1,0
Novotel Kolkata Hotel and Residences,4.1,Very Good,2827,5,New Town,,,"5,060",,0,0,0,0,1,0
All Fresco Hotel,3.7,Very Good,688,3,Baguiati ,Netaji Subhash Chandra Bose International Airport,5.6 km ,"1,637",483,0,0,0,0,1,0
Regenta Orko's Kolkata,3.9,Very Good,2055,4,Kasba ,Acropolis Mall,680 m ,"3,321",449,0,0,0,0,1,0
"Holiday Inn Express, Kolkata Airport",4.1,Very Good,1655,3,Dum Dum ,Netaji Subhash Chandra Bose International Airport,1.7 km ,"4,099",,0,0,0,0,1,0
Himalayan Inn Guest House - Near TCS Gitobitan,3.3,Good,534,,Salt Lake City,,,724,257,0,0,0,0,1,0
Holiday Inn Kolkata Airport,4.1,Very Good,2486,5,Chinar Park ,Netaji Subhash Chandra Bose International Airport,4.7 km ,"4,600",,0,0,0,0,1,0
"Taj City Centre New Town, Kolkata",4.4,Excellent,1556,5,Rajarhat ,Netaji Subhash Chandra Bose International Airport,5.8 km ,"5,650",,0,0,0,0,1,0
"Vivanta Kolkata, EM Bypass",4.4,Excellent,2031,5,East Kolkata Township,,,"5,500",,0,0,0,0,1,0
Hyatt Regency Kolkata,4.2,Very Good,1426,5,Salt Lake City ,Salt Lake Stadium,740 m ,"5,780",694,0,0,0,0,1,0
Bandhan Residency,3.7,Very Good,460,,Kaikhali ,Netaji Subhash Chandra Bose International Airport,3.0 km ,"1,102",350,0,0,0,0,1,0
The Oberoi Grand,4.7,Excellent,1268,5,New Market Area ,Park Street,930 m ,"8,000",,0,0,0,0,1,0
"Fairfield by Marriott, Kolkata",4.1,Very Good,2332,4,New Town,,,"2,499",,0,0,0,0,1,0
Ethnotel,4,Very Good,3211,3,Dum Dum ,Netaji Subhash Chandra Bose International Airport,1.7 km ,"2,949",621,0,0,0,0,1,0
Backpackers Park Hostel @ParkStreet,3.8,Very Good,417,,New Market Area ,Park Street,150 m ,893,209,0,0,0,0,1,0
THE WESTIN KOLKATA RAJARHAT,4.4,Excellent,2067,5,New Town ,Netaji Subhash Chandra Bose International Airport,9.3 km ,"5,699",,0,0,0,0,1,0
"Taj Bengal, Kolkata",4.6,Excellent,1165,5,Alipore,,,"8,000",,0,0,0,0,1,0
Hotel Senses,3.9,Very Good,1943,4,Salt Lake City ,Salt Lake Sec V,900 m ,"3,716","1,016",0,0,0,0,1,0
ITC Sonar - A Luxury Collection Hotel,4.4,Excellent,2325,5,Tangra,,,"7,225",,0,0,0,0,1,0
Kenilworth Hotel,4.3,Excellent,669,4,Park Street Area,,,"6,054",727,0,0,0,0,1,0
The Peerless Inn,3.9,Very Good,3539,4,Near Howrah Train Station ,Eden Gardens,770 m ,"4,186",855,0,0,0,0,1,0
De Sovrani,3.9,Very Good,1260,4,Salt Lake City,,,"2,916",690,0,0,0,0,1,0
"Pride Plaza Hotel, Kolkata",3.9,Very Good,1861,5,New Town,,,"2,800",336,0,0,0,0,1,0
"City Central Hostel, Kolkata",4.6,Excellent,77,,Kolkata ,Dharamtala Market,980 m ,736,198,0,0,0,0,1,0
Siamton Inn - A Cygnett Collection,4,Very Good,2312,4,Park Street ,Park Street,10 m ,"2,790",677,0,0,0,0,1,0
Hotel Aauris,4.1,Very Good,1658,4,Park Street ,Park Street,430 m ,"4,650",950,0,0,0,0,1,0
"Howard Johnson by Wyndham, Kolkata Airport",3.9,Very Good,1150,4,Chinar Park ,Netaji Subhash Chandra Bose International Airport,3.6 km ,"2,500",,0,0,0,0,1,0
Park Prime Kolkata,3.8,Very Good,2036,3,Ballygunge,,,"3,652","1,006",0,0,0,0,1,0
Joey's Nest,4.7,Excellent,54,,Salt Lake City ,Netaji Subhash Chandra Bose International Airport,9.5 km ,"2,245",583,0,0,0,0,1,0
Hotel Hindusthan International,3.6,Very Good,1907,5,Bhowanipore,,,"4,134",978,0,0,0,0,1,0
Hotel Niharika,4.1,Very Good,1551,3,Elgin,,,"2,790",570,0,0,0,0,1,0
Vedic Village Spa Resort,4,Very Good,3761,4,Vedic Village,,,"3,688",944,0,0,0,0,1,0
Park Palace Hotel,3.6,Very Good,1471,3,Ballygunge,,,"1,350",431,0,0,0,0,1,0
Offbeat CCU Bunkers,4.3,Excellent,92,,Topsia,,,944,205,0,0,0,0,1,0
Monotel Luxury Business Hotel,3.9,Very Good,1744,4,Salt Lake City,,,"3,523",855,0,0,0,0,1,0
AIRPORT CITY HOTEL,3.9,Very Good,1658,4,Birati ,Netaji Subhash Chandra Bose International Airport,2.0 km ,"2,994",767,0,0,0,0,1,0
The Lindsay,3.5,Very Good,1990,3,New Market Area ,Park Street,870 m ,"2,907",710,0,0,0,0,1,0
RituIvy,4,Very Good,547,3,East Kolkata Township,,,"2,132",588,0,0,0,0,1,0
Hotel O2 Oxygen,3.8,Very Good,826,4,Near Kolkata Airport ,Netaji Subhash Chandra Bose International Airport,2.1 km ,"2,856",583,0,0,0,0,1,0
VISITEL - A BOUTIQUE HOTEL,3.8,Very Good,1058,3,Kankurgachi,,,"1,991",590,0,0,0,0,1,0
IndiSmart Hotel,3.9,Very Good,277,3,Salt Lake City,,,"1,999",515,0,0,0,0,1,0
LYNQ AERO,4,Very Good,461,3,Salt Lake City,,,"3,242",767,0,0,0,0,1,0
"Park Guest House, Kolkata",3.7,Very Good,19,,Park Street ,Park Street,140 m ,"1,045",315,0,0,0,0,1,0
Regenta Inn Larica,3.6,Very Good,1448,3,Chinar Park ,Netaji Subhash Chandra Bose International Airport,4.1 km ,"2,713",419,0,0,0,0,1,0
Golden Tulip Kolkata,4.1,Very Good,1538,4,Salt Lake City,,,"3,772",770,0,0,0,0,1,0
The Senator,4.3,Excellent,1016,3,Elgin,,,"2,511",513,0,0,0,0,1,0
Gallery 67,4.2,Very Good,832,3,Ghose Bagan ,Netaji Subhash Chandra Bose International Airport,9.4 km ,"2,536",737,0,0,0,0,1,0
CHOWDHURY'S ESTATES,3.5,Very Good,24,,Elgin,,,"1,935",480,0,0,0,0,1,0
Pipal Tree Hotel,4,Very Good,2274,4,Chinar Park ,Netaji Subhash Chandra Bose International Airport,4.2 km ,"3,579",846,0,0,0,0,1,0
Stayotel,4,Very Good,606,3,Dum Dum ,Netaji Subhash Chandra Bose International Airport,1.5 km ,"2,365",672,0,0,0,0,1,0
"Raajkutir, Kolkata - IHCL SeleQtions",4.6,Excellent,576,5,Kankurgachi ,Salt Lake Stadium,810 m ,"5,350",,0,0,0,0,1,0
The Sonnet,4.1,Very Good,844,4,Salt Lake City,,,"4,937","1,233",0,0,0,0,1,0
Krishna Kunja | Rooms & Caretaker,4.6,Excellent,99,,South Dum Dum ,Netaji Subhash Chandra Bose International Airport,5.1 km ,"1,440",418,0,0,0,0,1,0
Aristocrat Hotel,3.7,Very Good,262,4,New Town,,,"1,966",409,0,0,0,0,1,0
The Fern Residency Kolkata,3.8,Very Good,1051,3,Chinar Park ,Netaji Subhash Chandra Bose International Airport,4.2 km ,"2,462",582,0,0,0,0,1,0
Sapphire Suites,3.8,Very Good,776,3,New Market Area ,Park Street,780 m ,"3,089",631,0,0,0,0,1,0
Victoria Hotel,4,Very Good,862,3,Chinar Park ,Netaji Subhash Chandra Bose International Airport,4.0 km ,"2,388",720,0,0,0,0,1,0
The Pearl Hotel,3.3,Good,608,3,Beliaghata ,Salt Lake Stadium,840 m ,"1,517",484,0,0,0,0,1,0
The Astor,4.2,Very Good,933,4,Park Street Area,,,"4,502",920,0,0,0,0,1,0
Barsana Boutique Hotel (Pure vegetarian),4.2,Very Good,296,3,Tangra,,,"3,767",770,0,0,0,0,1,0
THE MAUREEN KOLKATA,4,Very Good,1441,3,Baguiati ,Netaji Subhash Chandra Bose International Airport,4.7 km ,"3,188",671,0,0,0,0,1,0
The Aster Penthouse,4.2,Very Good,12,,Ballygunge ,Park Street,960 m ,"1,766",532,0,0,0,0,1,0
The Firangipani Suites,4,Very Good,106,3,New Town,,,"1,980",484,0,0,0,0,1,0
Celesta,4.1,Very Good,1087,3,Baguiati ,Netaji Subhash Chandra Bose International Airport,5.8 km ,"3,085",842,0,0,0,0,1,0
HOTEL EASTERN PLAZA,3.3,Good,1312,3,Kaikhali ,Netaji Subhash Chandra Bose International Airport,4.1 km ,"1,192",331,0,0,0,0,1,0
Hotel Aura,3.6,Very Good,432,3,New Market Area,,,"2,106",599,0,0,0,0,1,0
Viceroy Kolkata (Boutique Hotel),3.8,Very Good,1077,3,Chinar Park ,Netaji Subhash Chandra Bose International Airport,3.8 km ,"2,562",523,0,0,0,0,1,0
Beyzaa Hotel & Suites (Brewery Hotel),4.2,Very Good,593,4,Salt Lake City,,,"4,589",551,0,0,0,0,1,0
The CORPORATE,3.4,Good,577,3,Park Street ,Park Street,130 m ,"3,086",867,0,0,0,0,1,0
Hotel Trimoorti,3.6,Very Good,1375,3,Bhowanipore,,,"1,488",476,0,0,0,0,1,0
Bubble Beds,3.9,Very Good,376,,Kalighat ,Kalighat Kali Temple,960 m ,597,161,0,0,0,0,1,0
The Opus Kolkata - A Boutique Hotel,3.9,Very Good,376,3,Bhowanipore,,,"2,372",485,0,0,0,0,1,0
Hotel Crest Inn,3.7,Very Good,975,,Park Circus,,,"1,260",382,0,0,0,0,1,0
Golden Parkk,3.6,Very Good,219,3,Park Street Area ,Park Street,960 m ,"3,767",770,0,0,0,0,1,0
Hotel The Crest,3.8,Very Good,324,,Park Circus,,,"1,328",384,0,0,0,0,1,0
Park Victoria Hotel,3.4,Good,383,,New Market Area ,Park Street,250 m ,"1,507",308,0,0,0,0,1,0
The Samilton,4,Very Good,777,3,Bhowanipore,,,"3,499",420,0,0,0,0,1,0
Treebo Trend Orion Sapphire Beck Bagan,3.8,Very Good,127,,Park Street ,Park Street,770 m ,"2,540",530,0,0,0,0,1,0
Eennra Oiitijhyya,4.4,Excellent,142,3,Keyatala,,,"1,994",567,0,0,0,0,1,0
The Aster Heritage Homestay | Rooms & Caretaker,4.3,Excellent,115,,New Market Area ,Park Street,60 m ,"2,452",660,0,0,0,0,1,0
Basera Guest House,4.1,Very Good,635,,Gariahat,,,"1,000",289,0,0,0,0,1,0
LYNQ-CICO - Hotel,3.8,Very Good,634,3,Alipore,,,"2,372",576,0,0,0,0,1,0
The Lake Hotel,3.7,Very Good,396,3,Dhakuria,,,"1,986",528,0,0,0,0,1,0
The Aster Heritage Gold,4.4,Excellent,17,,New Market Area ,Park Street,50 m ,"4,723","1,320",0,0,0,0,1,0
Treebo Tryst Tahoora International Park Street,3.7,Very Good,70,3,Park Street ,Park Street,100 m ,"3,257",680,0,0,0,0,1,0
Southern Plaza,3.8,Very Good,276,3,Kalighat,,,"3,201",674,0,0,0,0,1,0
DIAMOND PLAZA,3.8,Very Good,736,,Bow Bazaar ,College Street,800 m ,"1,850",438,0,0,0,0,1,0
Lytton Hotel,3.6,Very Good,431,3,New Market Area ,Park Street,560 m ,"3,004",711,0,0,0,0,1,0
Dorota House | Room & Caretaker,4,Very Good,73,,Salt Lake City,,,"1,365",412,0,0,0,0,1,0
Hotel O2 VIP,3.9,Very Good,356,3,Near Kolkata Airport ,Netaji Subhash Chandra Bose International Airport,2.0 km ,"2,212",481,0,0,0,0,1,0
Hotel Gateway Continental,3.8,Very Good,600,3,Dum Dum ,Netaji Subhash Chandra Bose International Airport,1.3 km ,"2,800",737,0,0,0,0,1,0
Hotel Air View,4,Very Good,539,,Dum Dum ,Netaji Subhash Chandra Bose International Airport,1.8 km ,"1,078",255,0,0,0,0,1,0
Hotel Casa Fortuna,3.9,Very Good,693,3,Park Street Area,,,"3,934",950,0,0,0,0,1,0
Middleton Inn,3.5,Very Good,264,3,Park Street ,Park Street,710 m ,"2,590",545,0,0,0,0,1,0
Hotel Sawood International,3.6,Very Good,687,3,Tangra,,,"2,122",560,0,0,0,0,1,0
The Orchid Hotel Mumbai Vile Parle,4,Very Good,5593,5,Near Mumbai Airport ,T1 - Chhatrapati Shivaji International Airport,930 m ,"6,499",780,0,0,0,0,0,1
Trident Bandra Kurla,4.6,Excellent,4987,5,Bandra Kurla Complex ,T1 - Chhatrapati Shivaji International Airport,7.8 km ,"8,750",,0,0,0,0,0,1
ITC Grand Central - A Luxury Collection Hotel,4.5,Excellent,2445,5,South Mumbai ,Cooper hospital,620 m ,"14,000",,0,0,0,0,0,1
IRA By Orchid Mumbai ( VITS Mumbai),3.9,Very Good,4707,4,Near Mumbai Airport ,T2 - Chhatrapati Shivaji International Airport,2.3 km ,"5,099",612,0,0,0,0,0,1
Trident Nariman Point,4.6,Excellent,5563,5,Marine Drive ,Queen's Necklace - Marine Drive,470 m ,"11,250",,0,0,0,0,0,1
The Lalit Mumbai,4.1,Very Good,6468,5,Near Mumbai Airport ,T2 - Chhatrapati Shivaji International Airport,1.3 km ,"11,160","3,000",0,0,0,0,0,1
"Ginger Mumbai, Andheri East",3.7,Very Good,5340,4,Andheri East ,T1 - Chhatrapati Shivaji International Airport,3.3 km ,"3,679",,0,0,0,0,0,1
"Taj Santacruz, Mumbai",4.6,Excellent,4563,5,Near Mumbai Airport ,T1 - Chhatrapati Shivaji International Airport,560 m ,"9,000",,0,0,0,0,0,1
Hotel Surya Prakash,3.9,Very Good,121,3,Chembur,,,"3,939",968,0,0,0,0,0,1
Hilton Mumbai International Airport,4.2,Very Good,1686,5,Near Mumbai Airport ,T2 - Chhatrapati Shivaji International Airport,1.6 km ,"9,100",,0,0,0,0,0,1
Holiday Inn Mumbai International Airport,4.3,Excellent,2744,5,Near Mumbai Airport ,T2 - Chhatrapati Shivaji International Airport,3.0 km ,"6,999",,0,0,0,0,0,1
goSTOPS Mumbai - Rooms & Dorms,3.9,Very Good,1376,,South Mumbai,,,816,211,0,0,0,0,0,1
The Regale by Tunga,4.1,Very Good,4946,3,Andheri East ,T2 - Chhatrapati Shivaji International Airport,3.6 km ,"4,427",932,0,0,0,0,0,1
"Taj Lands End, Mumbai",4.5,Excellent,4222,5,Bandra West ,Band Stand,230 m ,"11,000",,0,0,0,0,0,1
"Ramada Plaza By Wyndham Palm Grove, Juhu, Mumbai",4.1,Very Good,7206,5,Juhu ,T1 - Chhatrapati Shivaji International Airport,5.8 km ,"7,095","2,136",0,0,0,0,0,1
Sahara Star,4.2,Very Good,7303,5,Near Mumbai Airport ,T1 - Chhatrapati Shivaji International Airport,760 m ,"10,400","1,872",0,0,0,0,0,1
Qubestay Airport Capsule Hostel | Rooms & Dorms,3.8,Very Good,632,,Andheri East ,T2 - Chhatrapati Shivaji International Airport,3.6 km ,"1,160",341,0,0,0,0,0,1
Courtyard by Marriott Mumbai International Airport,4.3,Excellent,1829,5,Near Mumbai Airport ,T2 - Chhatrapati Shivaji International Airport,3.3 km ,"7,500",,0,0,0,0,0,1
The Westin Mumbai Garden City,4.4,Excellent,1431,5,Goregaon ,T1 - Chhatrapati Shivaji International Airport,9.5 km ,"9,000",,0,0,0,0,0,1
JW Marriott Mumbai Juhu,4.4,Excellent,1731,5,Juhu ,T1 - Chhatrapati Shivaji International Airport,5.5 km ,"12,500",,0,0,0,0,0,1
ITC Maratha - A Luxury Collection Hotel,4.4,Excellent,4680,5,Near Mumbai Airport ,T2 - Chhatrapati Shivaji International Airport,1.4 km ,"10,030",,0,0,0,0,0,1
City Stay,4.6,Excellent,214,,Andheri East ,T1 - Chhatrapati Shivaji International Airport,3.7 km ,"1,229",370,0,0,0,0,0,1
JW Marriott Mumbai Sahar,4.5,Excellent,2139,5,Near Mumbai Airport ,T2 - Chhatrapati Shivaji International Airport,1.2 km ,"9,500",,0,0,0,0,0,1
Radisson Mumbai Andheri MIDC,4.3,Excellent,3609,5,Andheri East ,T2 - Chhatrapati Shivaji International Airport,4.1 km ,"7,000",,0,0,0,0,0,1
Sofitel Mumbai BKC- Luxury Brand by Accor,4.3,Excellent,2276,5,Bandra Kurla Complex ,T1 - Chhatrapati Shivaji International Airport,7.6 km ,"8,550","1,539",0,0,0,0,0,1
The Leela Mumbai,4.5,Excellent,2861,5,Near Mumbai Airport ,T2 - Chhatrapati Shivaji International Airport,1.7 km ,"10,500",,0,0,0,0,0,1
Novotel Mumbai International Airport,4.4,Excellent,102,5,Near Mumbai Airport ,T2 - Chhatrapati Shivaji International Airport,1.8 km ,"8,299",,0,0,0,0,0,1
Radisson Blu Mumbai International Airport,4.4,Excellent,2166,5,Near Mumbai Airport ,T2 - Chhatrapati Shivaji International Airport,2.1 km ,"7,499",,0,0,0,0,0,1
Sun-N-Sand,4.2,Very Good,2353,5,Juhu ,T1 - Chhatrapati Shivaji International Airport,5.8 km ,"8,835","2,660",0,0,0,0,0,1
The St. Regis Mumbai,4.5,Excellent,1328,5,South Mumbai ,Tata memorial cancer hospital,640 m ,"12,500",,0,0,0,0,0,1
Niranta Airport Transit Hotel & Lounge Terminal 2 Arrivals/Landside,4,Very Good,1443,4,In Mumbai Airport ,,,"9,303","2,501",0,0,0,0,0,1
Zostel Mumbai,4,Very Good,738,,Andheri East ,T2 - Chhatrapati Shivaji International Airport,3.6 km ,"1,342",285,0,0,0,0,0,1
"President, Mumbai - IHCL SeleQtions",4.4,Excellent,2510,5,South Mumbai ,Queen's Necklace - Marine Drive,2.4 km ,"10,400",,0,0,0,0,0,1
Novotel Mumbai Juhu Beach,3.6,Very Good,2306,5,Juhu ,T1 - Chhatrapati Shivaji International Airport,5.6 km ,"8,500",,0,0,0,0,0,1
Ibis Mumbai Airport - An Accor Brand,3.6,Very Good,1990,3,Near Mumbai Airport ,T1 - Chhatrapati Shivaji International Airport,680 m ,"6,499",,0,0,0,0,0,1
"Ginger Mumbai, Andheri (MIDC)",3.4,Good,2721,3,Jogeshwari East ,T2 - Chhatrapati Shivaji International Airport,5.3 km ,"2,624",,0,0,0,0,0,1
Lakeside Chalet Marriott Executive Apartments,4.1,Very Good,362,,Powai ,T2 - Chhatrapati Shivaji International Airport,6.5 km ,"9,000",,0,0,0,0,0,1
"Lemon Tree Hotel, Kalina, Mumbai",3.3,Good,324,4,Bandra Kurla Complex ,T1 - Chhatrapati Shivaji International Airport,6.7 km ,"4,975","1,806",0,0,0,0,0,1
Ramee Guestline Hotel Juhu,3.6,Very Good,3162,4,Juhu ,T1 - Chhatrapati Shivaji International Airport,5.7 km ,"5,275","1,430",0,0,0,0,0,1
Ramee Techome,4,Very Good,1173,4,Khar West ,T1 - Chhatrapati Shivaji International Airport,5.2 km ,"6,231","1,273",0,0,0,0,0,1
Shabana,3.5,Very Good,216,,Colaba ,Gateway Of India Mumbai,1.1 km ,"1,304",355,0,0,0,0,0,1
Hotel Bawa International,4,Very Good,1817,3,Near Mumbai Airport ,T1 - Chhatrapati Shivaji International Airport,810 m ,"5,000",,0,0,0,0,0,1
"Ginger Mumbai, Goregaon",3.8,Very Good,478,4,Goregaon ,T1 - Chhatrapati Shivaji International Airport,8.5 km ,"3,224",,0,0,0,0,0,1
Grand Hyatt Mumbai,4.3,Excellent,1855,5,Near Mumbai Airport ,T1 - Chhatrapati Shivaji International Airport,3.7 km ,"10,000",,0,0,0,0,0,1
Hotel Marine Plaza,4.2,Very Good,1292,5,Churchgate ,Queen's Necklace - Marine Drive,270 m ,"9,449","1,701",0,0,0,0,0,1
"Lemon Tree Premier, Mumbai International Airport, Mumbai",4.2,Very Good,5001,5,Near Mumbai Airport ,T2 - Chhatrapati Shivaji International Airport,2.3 km ,"3,566","1,294",0,0,0,0,0,1
Hotel Airport International,3.7,Very Good,3139,3,Near Mumbai Airport ,T1 - Chhatrapati Shivaji International Airport,780 m ,"3,255",770,0,0,0,0,0,1
Dragonfly Hotel - The Art Hotel,3.5,Very Good,906,4,Near Mumbai Airport ,T2 - Chhatrapati Shivaji International Airport,3.1 km ,"3,035",935,0,0,0,0,0,1
Four Seasons Hotel Mumbai,4.4,Excellent,1863,5,South Mumbai,,,"49,000",,0,0,0,0,0,1
Gateway Inn | Rooms in an Apartment,3.2,Good,356,,Near Mumbai Airport ,T2 - Chhatrapati Shivaji International Airport,2.3 km ,"1,839",495,0,0,0,0,0,1
"The Oberoi, Mumbai",4.7,Excellent,876,5,Marine Drive ,Queen's Necklace - Marine Drive,420 m ,"16,750",,0,0,0,0,0,1
Hotel Jyoti Dwelling,4.2,Very Good,1539,3,Near Mumbai Airport ,T2 - Chhatrapati Shivaji International Airport,3.2 km ,"2,232",456,0,0,0,0,0,1
Indie Stays,3.9,Very Good,1406,3,Bandra Kurla Complex ,T1 - Chhatrapati Shivaji International Airport,5.8 km ,"6,975","1,425",0,0,0,0,0,1
Meluha - The Fern,4.4,Excellent,2189,5,Powai ,T2 - Chhatrapati Shivaji International Airport,7.2 km ,"7,109","1,911",0,0,0,0,0,1
Afra dormitory,4.8,Excellent,4,,Andheri East ,T2 - Chhatrapati Shivaji International Airport,3.3 km ,848,228,0,0,0,0,0,1
Hotel Airlink,3.8,Very Good,387,3,Near Mumbai Airport ,T1 - Chhatrapati Shivaji International Airport,950 m ,"3,204",798,0,0,0,0,0,1
The Fern Goregaon,4.2,Very Good,1842,5,Goregaon ,T1 - Chhatrapati Shivaji International Airport,8.9 km ,"7,988","2,405",0,0,0,0,0,1
Mirage Hotel,4.1,Very Good,1820,4,Near Mumbai Airport ,T2 - Chhatrapati Shivaji International Airport,1.7 km ,"6,126","1,251",0,0,0,0,0,1
RELOhomes | 1 BHK Apartment,4.6,Excellent,45,,Powai ,T2 - Chhatrapati Shivaji International Airport,7.7 km ,"5,721","1,420",0,0,0,0,0,1
Click Hotel Caliph,3.3,Good,834,3,Powai ,T2 - Chhatrapati Shivaji International Airport,5.4 km ,"4,500",,0,0,0,0,0,1
HOTEL LEAFIO MARIGOLD,3.7,Very Good,1387,3,Near Mumbai Airport ,T2 - Chhatrapati Shivaji International Airport,2.2 km ,"3,162",748,0,0,0,0,0,1
"Keys Select by Lemon Tree Hotels, Nestor, Mumbai",3.5,Very Good,1528,3,Andheri East ,T2 - Chhatrapati Shivaji International Airport,3.0 km ,"3,623","1,288",0,0,0,0,0,1
Hotel Sea Princess,4.1,Very Good,1762,5,Juhu ,T1 - Chhatrapati Shivaji International Airport,5.6 km ,"7,952","2,138",0,0,0,0,0,1
HOTEL WEGO,4.1,Very Good,1335,3,Near Mumbai Airport ,T2 - Chhatrapati Shivaji International Airport,2.2 km ,"3,495","1,128",0,0,0,0,0,1
Rodas - An Ecotel Hotel,4.4,Excellent,795,3,Powai ,T2 - Chhatrapati Shivaji International Airport,7.0 km ,"7,998","2,150",0,0,0,0,0,1
The Westin Mumbai Powai Lake,4.3,Excellent,1282,5,Powai ,T2 - Chhatrapati Shivaji International Airport,6.7 km ,"9,000",,0,0,0,0,0,1
Mayura Aureole Co-Living,4.2,Very Good,143,,Goregaon ,T1 - Chhatrapati Shivaji International Airport,8.4 km ,"1,496",418,0,0,0,0,0,1
Sea Green Hotel,3.8,Very Good,1203,3,Churchgate ,Queen's Necklace - Marine Drive,450 m ,"4,692","1,265",0,0,0,0,0,1
ibis Mumbai Vikhroli - An Accor Brand,3.9,Very Good,327,4,Vikhroli West ,T2 - Chhatrapati Shivaji International Airport,9.5 km ,"6,299",,0,0,0,0,0,1
Aboo's Concord Galaxy,3.3,Good,798,3,Near Mumbai Airport ,T2 - Chhatrapati Shivaji International Airport,1.9 km ,"3,228",831,0,0,0,0,0,1
The Paradise by Tunga,4,Very Good,1202,3,Andheri East ,T2 - Chhatrapati Shivaji International Airport,3.4 km ,"5,864","1,424",0,0,0,0,0,1
Address Dormitory,4,Very Good,240,,Andheri East ,T2 - Chhatrapati Shivaji International Airport,3.2 km ,404,113,0,0,0,0,0,1
Arnna Hotel - Goregaon,3.8,Very Good,135,3,Goregaon ,T1 - Chhatrapati Shivaji International Airport,7.9 km ,"2,919",830,0,0,0,0,0,1
Ramee Guestline Hotel - Dadar,4.1,Very Good,774,4,South Mumbai,,,"6,814","1,612",0,0,0,0,0,1
Hotel Metro Palace,3.6,Very Good,1167,3,Bandra West ,Band Stand,2.5 km ,"4,064",495,0,0,0,0,0,1
Hotel Manama,3.5,Very Good,1566,3,South Mumbai ,Gateway Of India Mumbai,2.3 km ,"3,158",747,0,0,0,0,0,1
Aashiyana Dormitory,3.1,Good,277,,South Mumbai ,Gateway Of India Mumbai,2.4 km ,630,176,0,0,0,0,0,1
T24 Residency,4,Very Good,2465,4,Near Mumbai Airport ,T2 - Chhatrapati Shivaji International Airport,2.0 km ,"4,099",,0,0,0,0,0,1
"The Taj Mahal Palace, Mumbai",4.7,Excellent,802,5,Colaba ,Gateway Of India Mumbai,280 m ,"27,000",,0,0,0,0,0,1
The Roa Hotel,3.7,Very Good,1300,3,Ghatkopar West ,T2 - Chhatrapati Shivaji International Airport,5.5 km ,"2,976",608,0,0,0,0,0,1
Hotel Leafio,3.5,Very Good,1919,3,Near Mumbai Airport ,T2 - Chhatrapati Shivaji International Airport,3.1 km ,"2,199",264,0,0,0,0,0,1
The Byke Delotel,3.8,Very Good,419,3,Borivali West,,,"3,183",903,0,0,0,0,0,1
The Empresa Hotel,3.8,Very Good,701,4,Andheri West ,T1 - Chhatrapati Shivaji International Airport,7.6 km ,"8,099","1,458",0,0,0,0,0,1
HOTEL KOHINOOR PARK,3.8,Very Good,592,3,South Mumbai ,Siddhivinayak Temple,480 m ,"3,596","1,118",0,0,0,0,0,1
The Altruist Business Hotel (Andheri),3.6,Very Good,1257,3,Jogeshwari East ,T1 - Chhatrapati Shivaji International Airport,4.5 km ,"2,763",711,0,0,0,0,0,1
Hotel Parle International,3.7,Very Good,3158,3,Near Mumbai Airport ,T1 - Chhatrapati Shivaji International Airport,1.9 km ,"4,836","1,052",0,0,0,0,0,1
Ocean Dormitory,3.6,Very Good,67,,Asalpha ,T2 - Chhatrapati Shivaji International Airport,3.7 km ,925,249,0,0,0,0,0,1
Hotel Beacon T2,3.2,Good,955,4,Near Mumbai Airport ,T2 - Chhatrapati Shivaji International Airport,3.9 km ,"3,600",851,0,0,0,0,0,1
Hotel Columbus,3.6,Very Good,1401,3,Near Mumbai Airport ,T1 - Chhatrapati Shivaji International Airport,1.5 km ,"2,608",567,0,0,0,0,0,1
Sea Green South Hotel,3.9,Very Good,985,3,Churchgate ,Queen's Necklace - Marine Drive,440 m ,"5,583","1,389",0,0,0,0,0,1
Hotel Suba International,4.3,Excellent,683,4,Near Mumbai Airport ,T2 - Chhatrapati Shivaji International Airport,2.0 km ,"6,700",,0,0,0,0,0,1
Classic Dormitory,3.8,Very Good,123,,Andheri East ,T2 - Chhatrapati Shivaji International Airport,3.5 km ,572,145,0,0,0,0,0,1
The Resort Mumbai,4.2,Very Good,3937,5,Madh,,,"11,811","3,556",0,0,0,0,0,1
The Mirador,3.7,Very Good,384,4,Near Mumbai Airport ,T1 - Chhatrapati Shivaji International Airport,3.2 km ,"6,750",810,0,0,0,0,0,1
The Sahil Hotel,4.2,Very Good,1587,4,South Mumbai ,Mumbai Central Bus Terminus,610 m ,"4,650","1,100",0,0,0,0,0,1
Avion Hotel,3.3,Good,1154,3,Near Mumbai Airport ,T1 - Chhatrapati Shivaji International Airport,1.6 km ,"4,205","1,033",0,0,0,0,0,1
Blossom Dormitory ( For Male and Female),3.6,Very Good,214,,Sakinaka ,T2 - Chhatrapati Shivaji International Airport,3.4 km ,678,189,0,0,0,0,0,1
Comfort Inn Heritage,3.9,Very Good,963,4,South Mumbai,,,"4,743","1,122",0,0,0,0,0,1
Hotel Planet Residency,3.8,Very Good,1064,3,Near Mumbai Airport ,T1 - Chhatrapati Shivaji International Airport,2.2 km ,"3,726","1,028",0,0,0,0,0,1
Hotel Kohinoor Elite,4.1,Very Good,2183,4,Near Mumbai Airport ,T2 - Chhatrapati Shivaji International Airport,6.1 km ,"7,250",,0,0,0,0,0,1
Residency Hotel Andheri,4,Very Good,1866,4,Andheri East ,T1 - Chhatrapati Shivaji International Airport,3.2 km ,"4,883","1,155",0,0,0,0,0,1
